<application>
  <component name="Trusted.Paths">
    <option name="TRUSTED_PROJECT_PATHS">
      <map>
        <entry key="$USER_HOME$/dev/CodeABot-TeamCode" value="true" />
        <entry key="$USER_HOME$/dev/Quickstart" value="true" />
        <entry key="$USER_HOME$/dev/road-runner-quickstart" value="true" />
      </map>
    </option>
  </component>
  <component name="Trusted.Paths.Settings">
    <option name="TRUSTED_PATHS">
      <list>
        <option value="$USER_HOME$/dev" />
      </list>
    </option>
  </component>
</application>