<application>
  <component name="DimensionService">
    <location key="WELCOME_SCREEN.0.0.1920.1080" x="960" y="300" />
    <location key="find.popup.0.0.1920.1080" x="724" y="135" />
    <size key="find.popup.0.0.1920.1080" width="645" height="804" />
  </component>
  <component name="WindowManager">
    <frame x="0" y="0" width="1920" height="1036" extendedState="6" />
  </component>
  <component name="WindowStateApplicationService">
    <state x="743" y="211" width="424" height="482" key="FileChooserDialogImpl" timestamp="1723635204338">
      <screen x="0" y="0" width="1920" height="1036" />
    </state>
    <state x="743" y="211" width="424" height="482" key="FileChooserDialogImpl/0.0.1920.1036" timestamp="1723635204338" />
    <state x="960" y="453" width="800" height="650" key="WELCOME_SCREEN" timestamp="1723635184959">
      <screen x="0" y="0" width="1920" height="1036" />
    </state>
    <state x="960" y="453" width="800" height="650" key="WELCOME_SCREEN/0.0.1920.1036" timestamp="1723635184959" />
  </component>
</application>